run,question_id,similarity
1,1,0.6300181353981055
1,2,0.5546950410651074
1,3,0.6666085188353933
2,1,0.6193758690897286
2,2,0.517245525568071
2,3,0.6618114512357792
3,1,0.6312651862982723
3,2,0.5303524702976238
3,3,0.6479575652765907
