question_id,embedding_score,reranker_score,llm_1,llm_2,llm_3,llm_4,llm_5
1,0.6414411998561467,0,5,5,5,5,5
2,0.5455758710814965,0,2,2,2,2,2
3,0.6962400033122855,0,5,5,5,5,5
